{"cameraMode":{"drawMode":0,"name":"Shaded","section":"Shading Mode"},"sceneLighting":false,"audioPlay":false,"sceneViewState":{"m_AlwaysRefresh":false,"showFog":true,"showSkybox":false,"showFlares":true,"showImageEffects":true,"showParticleSystems":true,"showVisualEffectGraphs":true,"m_FxEnabled":true},"in2DMode":false,"pivot":{"x":-0.0016980767250061036,"y":2.2931883335113527,"z":0.1438468098640442},"rotation":{"x":0.18189005553722382,"y":-0.030968891456723214,"z":0.005731424316763878,"w":0.982813835144043},"size":1.1328736543655396,"orthographic":true}