{"cameraMode":{"drawMode":0,"name":"Shaded","section":"Shading Mode"},"sceneLighting":false,"audioPlay":false,"sceneViewState":{"m_AlwaysRefresh":false,"showFog":true,"showSkybox":false,"showFlares":true,"showImageEffects":true,"showParticleSystems":true,"showVisualEffectGraphs":true,"m_FxEnabled":true},"in2DMode":false,"pivot":{"x":0.10707783699035645,"y":0.07394424080848694,"z":0.01009976863861084},"rotation":{"x":0.18189005553722382,"y":-0.030968891456723214,"z":0.005731424316763878,"w":0.982813835144043},"size":1.4257525205612183,"orthographic":true}